food_name,category,calories,protein_g,carbs_g,fat_g,fiber_g,sugars_g,sodium_mg,cholesterol_mg,meal_type,water_ml,calorie_category,health_score,food_name_id
Scrambled Eggs (2 large),protein/dairy,180,12.0,2.0,14.0,0.0,1.0,180,370,breakfast,250,medium,37.0,telur orak-arik (2 besar)
Whole Wheat Toast (1 slice),grain,80,4.0,14.0,1.0,2.0,2.0,140,0,breakfast,0,low,52.3,gandum utuh roti panggang (1 iris)
Coffee (black),beverage,5,0.3,0.0,0.1,0.0,0.0,5,0,breakfast,0,low,42.7,kopi (hitam)
Banana,fruit,105,1.3,27.0,0.4,3.1,14.0,1,0,breakfast,0,medium,46.4,pisang
Grilled Chicken Salad,meal/protein,350,30.0,10.0,20.0,5.0,4.0,400,80,lunch,500,high,94.0,ayam panggang salad
Apple,fruit,95,0.5,25.0,0.3,4.4,19.0,2,0,snack,0,low,46.6,apel
Salmon (4oz grilled),protein/fish,230,25.0,0.0,14.0,0.0,0.0,60,60,dinner,250,medium,76.9,salmon (4oz panggang)
Quinoa (1 cup cooked),grain,222,8.0,39.0,3.6,5.0,1.0,13,0,dinner,0,medium,74.7,quinoa (1 cangkir matang)
Steamed Broccoli (1 cup),vegetable,55,3.7,11.2,0.6,5.1,2.0,40,0,dinner,0,low,67.0,kukus brokoli (1 cangkir)
Greek Yogurt (plain 1 cup),dairy,150,25.0,8.0,3.0,0.0,7.0,85,10,snack,250,medium,73.5,yoghurt Yunani (plain 1 cangkir)
Oatmeal (1 cup cooked),grain,160,6.0,28.0,3.0,4.0,1.0,2,0,breakfast,250,medium,67.6,bubur oat (1 cangkir matang)
Blueberries (1/2 cup),fruit,42,0.5,11.0,0.2,1.8,7.0,1,0,breakfast,0,low,45.1,Blueberries (1/2 cangkir)
Almonds (1 oz),nut,164,6.0,6.0,14.0,3.5,1.0,1,0,snack,0,medium,65.6,kacang almond (1 oz)
Turkey Sandwich (on wheat),meal/processed,340,22.0,34.0,12.0,5.0,6.0,850,50,lunch,500,high,71.4,Turkey sandwich (on wheat)
Carrot Sticks (1 cup),vegetable,52,1.2,12.3,0.3,3.6,6.0,88,0,snack,0,low,52.6,wortel Sticks (1 cangkir)
Spaghetti Bolognese,meal/pasta,460,20.0,55.0,18.0,6.0,10.0,700,50,dinner,250,high,72.7,Spaghetti Bolognese
Side Salad (light dressing),vegetable,70,2.0,8.0,4.0,3.0,3.0,150,0,dinner,0,low,52.3,Side salad (light dressing)
Protein Shake (Whey),supplement,120,24.0,3.0,1.0,1.0,2.0,160,5,snack,500,medium,78.7,minuman protein (Whey)
Cereal (Frosted Flakes 1 cup),grain/processed,130,2.0,31.0,0.0,1.0,11.0,190,0,breakfast,0,medium,36.8,sereal (Frosted Flakes 1 cangkir)
Lentil Soup (1 can),meal/legume,230,15.0,35.0,3.0,12.0,6.0,650,0,lunch,250,medium,96.9,Lentil sup (1 can)
White Rice (1 cup cooked),grain,204,4.2,44.5,0.4,0.6,0.1,2,0,dinner,0,medium,51.3,nasi putih (1 cangkir matang)
Tofu Stir-fry,meal/vegetarian,400,18.0,30.0,22.0,7.0,9.0,500,0,dinner,250,high,81.6,Tofu Stir-fry
Orange,fruit,62,1.2,15.4,0.2,3.1,12.0,0,0,snack,0,low,47.8,jeruk
Bagel (plain),grain,270,11.0,55.0,1.5,2.0,5.0,430,0,breakfast,250,medium,54.4,Bagel (plain)
Cream Cheese (2 tbsp),dairy,100,2.0,2.0,10.0,0.0,1.0,90,30,breakfast,0,medium,41.1,Cream keju (2 tbsp)
Tuna Salad (1/2 cup),meal/fish,190,19.0,2.0,12.0,1.0,1.0,400,30,lunch,500,medium,65.0,salad tuna (1/2 cangkir)
Crackers (5 whole wheat),grain/processed,90,2.0,14.0,3.0,2.0,0.0,180,0,lunch,0,low,49.8,Crackers (5 gandum utuh)
Beef Steak (6oz sirloin),protein/meat,270,42.0,0.0,10.0,0.0,0.0,90,115,dinner,250,medium,100.0,steak daging sapi (6oz sirloin)
Baked Potato (medium),vegetable,160,4.3,36.0,0.2,3.8,1.0,17,0,dinner,0,medium,63.8,panggang kentang (sedang)
Ice Cream (1/2 cup vanilla),dairy/dessert,145,2.5,17.0,7.5,0.5,16.0,55,30,snack,0,medium,33.0,Ice Cream (1/2 cangkir vanilla)
Pizza (1 slice pepperoni),meal/processed,290,12.0,34.0,12.0,2.0,4.0,720,35,dinner,250,medium,48.5,pizza (1 iris pepperoni)
Avocado Toast (1 slice),meal/vegetarian,260,7.0,28.0,15.0,10.0,1.0,350,0,breakfast,500,medium,86.6,roti panggang alpukat (1 iris)
Hard-Boiled Egg (1 large),protein,78,6.3,0.6,5.3,0.0,0.5,62,187,snack,0,low,40.7,Hard-rebus telur (1 besar)
Chicken Wrap (with tortilla),meal/processed,410,25.0,38.0,17.0,5.0,3.0,780,60,lunch,250,high,79.5,ayam Wrap (with tortilla)
Grapes (1 cup),fruit,104,1.1,27.0,0.2,1.4,23.0,3,0,snack,0,medium,31.9,Grapes (1 cangkir)
Cottage Cheese (1/2 cup),dairy,90,12.0,5.0,3.0,0.0,4.0,400,10,snack,0,low,48.5,Cottage keju (1/2 cangkir)
Burger (cheeseburger),meal/processed,550,30.0,40.0,30.0,3.0,7.0,1100,90,dinner,500,very_high,67.1,burger (cheeseburger)
French Fries (medium),vegetable/processed,340,4.0,44.0,17.0,4.0,0.3,230,0,dinner,0,high,60.0,French Fries (sedang)
Protein Bar,supplement/processed,210,20.0,22.0,7.0,6.0,1.0,180,5,snack,500,medium,93.7,Protein Bar
Black Beans (1/2 cup),legume,114,7.6,20.4,0.5,7.5,0.3,1,0,lunch,0,medium,85.4,hitam kacang (1/2 cangkir)
Salsa (1/4 cup),vegetable,20,0.8,4.5,0.1,1.0,3.0,250,0,lunch,0,low,39.9,Salsa (1/4 cangkir)
Chicken Noodle Soup (1 can),meal/processed,150,7.0,18.0,5.0,2.0,2.0,890,15,lunch,250,medium,39.5,ayam Noodle sup (1 can)
Peanut Butter (2 tbsp),nut,190,7.0,8.0,16.0,2.0,3.0,140,0,snack,0,medium,56.2,selai kacang (2 tbsp)
Celery Sticks (1 cup),vegetable,14,0.6,3.0,0.2,1.4,1.2,77,0,snack,0,low,46.5,Celery Sticks (1 cangkir)
Cod (4oz baked),protein/fish,95,20.0,0.0,0.8,0.0,0.0,95,55,dinner,250,low,68.6,Cod (4oz panggang)
Green Beans (1 cup),vegetable,31,1.8,7.0,0.2,2.7,3.3,6,0,dinner,0,low,53.7,Green kacang (1 cangkir)
Chocolate Chip Cookie (1 large),dessert,220,2.5,30.0,11.0,1.5,19.0,160,20,snack,0,medium,33.1,Chocolate Chip Cookie (1 besar)
Shrimp (3oz steamed),protein/fish,84,20.0,0.2,0.2,0.0,0.0,100,161,dinner,250,low,63.0,udang (3oz kukus)
Pancakes (2 medium),grain,180,5.0,30.0,5.0,1.0,6.0,450,25,breakfast,0,medium,38.3,panekuk (2 sedang)
Maple Syrup (2 tbsp),condiment,104,0.0,27.0,0.0,0.0,24.0,2,0,breakfast,0,medium,23.5,Maple Syrup (2 tbsp)
Sausage Link (1 cooked),protein/meat,85,5.0,1.0,7.0,0.0,0.5,300,20,breakfast,0,low,42.0,Sausage Link (1 matang)
Smoothie (Fruit & Yogurt),beverage/meal,280,12.0,55.0,3.0,7.0,40.0,70,5,breakfast,250,medium,57.3,smoothie (Fruit & yoghurt)
Tofu (4oz firm),protein/vegetarian,90,10.0,3.0,5.0,2.0,1.0,10,0,lunch,0,low,65.3,Tofu (4oz firm)
Brown Rice (1 cup cooked),grain,215,5.0,45.0,1.8,3.5,0.4,10,0,lunch,0,medium,64.3,nasi merah (1 cangkir matang)
Bell Pepper (1 medium red),vegetable,31,1.2,6.0,0.3,2.1,4.2,4,0,lunch,0,low,49.6,Bell Pepper (1 sedang red)
Hummus (2 tbsp),legume,70,2.0,4.0,5.0,2.0,0.0,130,0,snack,0,low,50.9,Hummus (2 tbsp)
Pita Bread (1 whole wheat),grain,170,6.0,35.0,1.5,5.0,2.0,320,0,snack,0,medium,64.0,Pita roti (1 gandum utuh)
Pork Chop (4oz grilled),protein/meat,220,30.0,0.0,10.0,0.0,0.0,70,85,dinner,250,medium,83.3,daging babi Chop (4oz panggang)
Mashed Potatoes (1 cup),vegetable,230,4.0,35.0,8.0,3.0,2.0,350,15,dinner,0,medium,51.0,Mashed Potatoes (1 cangkir)
Corn (1 cup),vegetable,132,4.7,30.0,1.8,3.6,8.9,2,0,dinner,0,medium,57.8,Corn (1 cangkir)
Soda (1 can Coke),beverage,140,0.0,39.0,0.0,0.0,39.0,45,0,snack,355,medium,10.8,Soda (1 can Coke)
Pretzels (1 oz),grain/processed,110,3.0,23.0,1.0,1.0,1.0,450,0,snack,0,medium,40.4,Pretzels (1 oz)
Cheddar Cheese (1 oz),dairy,115,7.0,1.0,9.5,0.0,0.5,180,30,snack,0,medium,47.3,Cheddar keju (1 oz)
Caesar Salad (with chicken),meal/protein,470,30.0,15.0,30.0,3.0,3.0,890,75,lunch,250,high,75.7,Caesar salad (with ayam)
Orange Juice (1 cup),beverage,112,1.7,25.8,0.5,0.7,20.8,2,0,breakfast,240,medium,31.6,jeruk Juice (1 cangkir)
Bacon (2 slices cooked),protein/meat,86,6.0,0.2,6.8,0.0,0.1,330,18,breakfast,0,low,43.3,Bacon (2 slices matang)
Waffles (2 homemade),grain,220,6.0,28.0,9.0,1.5,3.0,420,45,breakfast,0,medium,43.9,wafel (2 homemade)
Pear,fruit,101,0.6,27.0,0.2,5.5,16.0,2,0,snack,0,medium,53.8,Pear
Chicken Breast (4oz roasted),protein/meat,185,35.0,0.0,4.0,0.0,0.0,80,95,lunch,500,medium,90.3,dada ayam (4oz panggang)
Mixed Nuts (1/4 cup),nut,200,6.0,8.0,18.0,3.0,2.0,1,0,snack,0,medium,62.7,Mixed Nuts (1/4 cangkir)
Tilapia (4oz baked),protein/fish,110,22.0,0.0,2.5,0.0,0.0,50,50,dinner,0,medium,73.0,Tilapia (4oz panggang)
Asparagus (1 cup steamed),vegetable,40,4.3,7.4,0.4,3.6,3.5,4,0,dinner,0,low,61.3,Asparagus (1 cangkir kukus)
Sweet Potato (1 medium baked),vegetable,103,2.3,23.6,0.2,3.8,7.4,41,0,dinner,0,medium,55.1,ubi jalar (1 sedang panggang)
Popcorn (3 cups air-popped),grain,93,3.0,18.6,1.1,3.6,0.1,2,0,snack,250,low,62.0,Popcorn (3 cups air-popped)
Raisins (1/4 cup),fruit,130,1.3,34.0,0.2,1.6,25.0,5,0,snack,0,medium,31.4,Raisins (1/4 cangkir)
Macaroni & Cheese (1 cup),meal/pasta,350,10.0,40.0,17.0,2.0,5.0,750,40,lunch,250,high,43.6,Macaroni & keju (1 cangkir)
Tomato Soup (1 can),meal/vegetable,170,4.0,25.0,6.0,4.0,15.0,900,10,lunch,0,medium,33.0,sup tomat (1 can)
Grilled Cheese Sandwich,meal/processed,390,15.0,32.0,22.0,3.0,4.0,800,60,lunch,0,high,54.3,panggang keju sandwich
Beef Tacos (2 hard shell),meal/meat,380,18.0,28.0,22.0,5.0,3.0,600,50,dinner,500,high,73.1,daging sapi Tacos (2 hard shell)
Refried Beans (1/2 cup),legume,115,7.0,19.0,1.0,6.0,1.0,480,0,dinner,0,medium,66.9,Refried kacang (1/2 cangkir)
Guacamole (1/4 cup),vegetable/condiment,90,1.0,4.0,8.0,3.0,0.5,120,0,dinner,0,low,53.4,Guacamole (1/4 cangkir)
Watermelon (1 cup diced),fruit,46,0.9,11.5,0.2,0.6,9.4,2,0,snack,0,low,38.9,Watermelon (1 cangkir diced)
English Muffin (whole wheat),grain,134,6.0,26.0,1.0,4.4,1.0,210,0,breakfast,250,medium,64.7,English Muffin (gandum utuh)
Peanut Butter & Jelly Sandwich,meal/processed,390,12.0,50.0,17.0,5.0,20.0,450,0,lunch,250,high,56.4,selai kacang & Jelly sandwich
Clam Chowder (1 cup),meal/seafood,200,10.0,18.0,9.0,1.0,2.0,870,30,lunch,0,medium,39.7,Clam Chowder (1 cangkir)
Iced Tea (Sweetened 16oz),beverage,180,0.0,46.0,0.0,0.0,46.0,15,0,snack,500,medium,6.0,Iced teh (Sweetened 16oz)
Lasagna (1 serving meat),meal/pasta,350,20.0,30.0,17.0,4.0,7.0,850,55,dinner,250,high,63.1,Lasagna (1 porsi meat)
Garlic Bread (1 slice),grain,150,4.0,18.0,7.0,1.0,1.0,310,0,dinner,0,medium,45.1,Garlic roti (1 iris)
Chocolate Milk (1 cup),beverage/dairy,200,8.0,26.0,8.0,1.0,24.0,160,30,snack,0,medium,35.1,Chocolate susu (1 cangkir)
White Bread (1 slice),grain,70,2.0,13.0,1.0,0.6,1.2,140,0,breakfast,0,low,43.9,White roti (1 iris)
Jelly (1 tbsp grape),condiment,50,0.0,13.0,0.0,0.1,12.0,5,0,breakfast,0,low,33.3,Jelly (1 tbsp grape)
Veggie Burger (1 patty),protein/vegetarian,120,11.0,10.0,4.0,5.0,1.0,350,0,lunch,250,medium,71.9,Veggie burger (1 patty)
Bun (hamburger),grain,140,4.0,26.0,2.0,1.0,4.0,260,0,lunch,0,medium,43.9,Bun (hamburger)
Ketchup (1 tbsp),condiment,20,0.2,5.0,0.1,0.2,4.0,160,0,lunch,0,low,36.8,Ketchup (1 tbsp)
Muffin (Blueberry 1 large),grain/dessert,380,5.0,55.0,16.0,2.0,30.0,350,50,breakfast,250,high,24.7,Muffin (bluberi 1 besar)
Coffee (with cream/sugar),beverage,50,0.5,5.0,3.0,0.0,4.5,10,10,breakfast,250,low,38.9,kopi (with cream/sugar)
Potato Chips (1 oz),snack/processed,160,2.0,15.0,10.0,1.0,0.5,170,0,snack,0,medium,45.5,kentang Chips (1 oz)
Tzatziki Sauce (2 tbsp),condiment/dairy,30,1.5,2.0,2.0,0.0,1.5,100,5,dinner,0,low,41.0,Tzatziki Sauce (2 tbsp)
Scallops (3oz seared),protein/seafood,95,17.0,5.0,1.0,0.0,0.0,180,35,dinner,0,low,63.1,Scallops (3oz seared)
Risotto (Mushroom 1 cup),meal/grain,250,7.0,35.0,9.0,3.0,3.0,600,20,dinner,0,medium,49.1,Risotto (Mushroom 1 cangkir)
Caprese Salad,meal/vegetable,240,10.0,8.0,18.0,2.0,5.0,350,40,lunch,250,medium,52.6,Caprese salad
Balsamic Vinaigrette (2 tbsp),condiment,90,0.0,3.0,9.0,0.0,2.5,300,0,lunch,0,low,33.7,Balsamic Vinaigrette (2 tbsp)
Cherries (1 cup),fruit,77,1.6,19.0,0.5,2.5,15.0,0,0,snack,0,low,43.6,Cherries (1 cangkir)
Turkey Bacon (2 slices),protein/meat,70,6.0,1.0,5.0,0.0,0.5,360,30,breakfast,0,low,41.7,Turkey Bacon (2 slices)
Grits (1 cup cooked),grain,150,3.0,32.0,1.0,2.0,0.5,320,0,breakfast,0,medium,47.9,Grits (1 cangkir matang)
Butter (1 tbsp),condiment/dairy,100,0.1,0.0,11.0,0.0,0.0,82,30,breakfast,0,medium,39.1,Butter (1 tbsp)
Meatball Sub (6 inch),meal/processed,580,28.0,55.0,27.0,6.0,10.0,1200,70,lunch,500,very_high,73.1,Meatball Sub (6 inch)
Kiwifruit (1 medium),fruit,46,0.9,11.1,0.4,2.3,6.7,2,0,snack,0,low,48.1,Kiwifruit (1 sedang)
Beef Jerky (1 oz),snack/processed,116,9.4,3.1,7.2,0.5,2.5,590,30,snack,0,medium,42.5,daging sapi Jerky (1 oz)
Figs (2 medium),fruit,74,0.6,19.2,0.3,2.9,16.2,2,0,snack,0,low,42.7,Figs (2 sedang)
Lobster (3oz steamed),protein/seafood,76,16.0,0.0,0.7,0.0,0.0,250,125,dinner,250,low,55.3,Lobster (3oz kukus)
Melted Butter (for lobster),condiment,200,0.2,0.0,22.0,0.0,0.0,164,60,dinner,0,medium,35.9,Melted Butter (for lobster)
Corn on the Cob (1 large),vegetable,125,5.0,29.0,1.5,3.0,5.0,2,0,dinner,0,medium,58.7,Corn on the Cob (1 besar)
Vegetable Soup (1 can),meal/vegetable,140,4.0,22.0,4.0,6.0,8.0,780,5,lunch,250,medium,49.8,sup sayuran (1 can)
Saltine Crackers (5 crackers),grain/processed,60,1.0,10.0,1.5,0.5,0.0,140,0,lunch,0,low,42.9,Saltine Crackers (5 crackers)
Mango (1 cup slices),fruit,99,1.4,24.7,0.6,2.6,22.5,2,0,snack,0,low,37.8,mangga (1 cangkir slices)
Cheesecake (1 slice),dessert,320,5.0,28.0,21.0,1.0,20.0,280,65,snack,250,high,29.1,Cheesecake (1 iris)
Pad Thai (Chicken 1.5 cups),meal/pasta,550,25.0,60.0,22.0,5.0,10.0,950,70,dinner,500,very_high,69.7,Pad Thai (ayam 1.5 cups)
Spring Roll (Veg 2 rolls),snack/processed,180,4.0,25.0,7.0,3.0,3.0,450,0,dinner,0,medium,48.8,Spring Roll (Veg 2 rolls)
Coconut Water (1 cup),beverage,46,1.7,8.9,0.5,2.6,6.3,252,0,snack,240,low,45.3,Coconut air (1 cangkir)
Kimchi (1/2 cup),vegetable,22,1.7,4.0,0.4,2.4,1.5,750,0,side,0,low,37.2,Kimchi (1/2 cangkir)
Sashimi (Salmon 3 pcs),protein/fish,120,18.0,0.0,5.0,0.0,0.0,45,40,lunch,0,medium,67.4,Sashimi (salmon 3 pcs)
Wasabi (1 tsp),condiment,10,0.1,2.2,0.1,0.3,1.0,40,0,lunch,0,low,42.1,Wasabi (1 tsp)
Seaweed Salad (1/2 cup),vegetable,60,2.0,8.0,3.0,2.0,4.0,350,0,lunch,0,low,42.9,Seaweed salad (1/2 cangkir)
French Onion Soup (1 cup),meal,150,6.0,15.0,7.0,2.0,5.0,800,20,lunch,250,medium,37.3,French Onion sup (1 cangkir)
Croutons (1/4 cup),grain,50,1.5,7.0,2.0,0.5,0.5,140,0,lunch,0,low,43.3,Croutons (1/4 cangkir)
Shepherd's Pie (1 serving),meal/meat,400,20.0,35.0,20.0,6.0,7.0,850,55,dinner,250,high,71.5,Shepherd's Pie (1 porsi)
Green Peas (1/2 cup),legume,62,4.1,11.1,0.2,4.4,4.2,2,0,dinner,0,low,63.8,Green Peas (1/2 cangkir)
Apple Pie (1 slice),dessert,410,3.0,58.0,19.0,3.0,25.0,320,0,snack,0,high,32.9,apel Pie (1 iris)
Gin & Tonic (1 drink),beverage,170,0.0,13.0,0.0,0.0,13.0,2,0,snack,180,medium,32.1,Gin & Tonic (1 drink)
Red Wine (5 oz glass),beverage,125,0.1,3.8,0.0,0.0,0.9,6,0,dinner,0,medium,41.7,Red Wine (5 oz glass)
Halibut (4oz baked),protein/fish,125,24.0,0.0,2.5,0.0,0.0,60,40,dinner,250,medium,76.4,Halibut (4oz panggang)
Quinoa Salad (1 cup),meal/vegetarian,260,9.0,32.0,12.0,6.0,4.0,300,0,lunch,250,medium,71.7,quinoa salad (1 cangkir)
Lemonade (1 cup),beverage,99,0.1,26.0,0.0,0.1,25.0,30,0,snack,240,low,22.7,Lemonade (1 cangkir)
Pistachios (1 oz shelled),nut,159,5.7,7.7,12.8,3.0,2.2,2,0,snack,0,medium,62.0,Pistachios (1 oz shelled)
Oat Milk (1 cup),beverage/dairy-alt,120,3.0,16.0,5.0,2.0,7.0,100,0,breakfast,0,medium,47.7,Oat susu (1 cangkir)
Biscuits and Gravy (1 serving),meal/processed,480,10.0,45.0,28.0,2.0,3.0,1100,35,breakfast,250,high,37.7,Biscuits and Gravy (1 porsi)
Avocado (1/2 fruit),fruit,160,2.0,8.5,14.7,6.7,0.7,7,0,breakfast,0,medium,72.8,alpukat (1/2 fruit)
Corn Flakes (1 cup),grain,100,2.0,24.0,0.0,1.0,3.0,200,0,breakfast,0,medium,42.8,Corn Flakes (1 cangkir)
T-Bone Steak (6oz),protein/meat,460,38.0,0.0,33.0,0.0,0.0,110,105,dinner,0,high,93.8,T-Bone Steak (6oz)
Creamed Spinach (1/2 cup),vegetable,190,5.0,8.0,16.0,3.0,2.0,450,50,dinner,0,medium,48.5,Creamed bayam (1/2 cangkir)
Pecans (1 oz),nut,196,2.6,3.9,20.4,2.7,1.1,0,0,snack,0,medium,56.8,Pecans (1 oz)
Fruit Cocktail (canned 1 cup),fruit,110,1.0,28.0,0.0,2.0,26.0,10,0,snack,0,medium,31.7,Fruit Cocktail (canned 1 cangkir)
Ramen (Instant 1 pack),meal/processed,380,9.0,53.0,14.0,2.0,2.0,1580,0,lunch,500,high,28.0,Ramen (Instant 1 pack)
Mocha Latte (16oz),beverage,360,12.0,48.0,15.0,2.0,42.0,150,45,snack,473,high,31.0,Mocha Latte (16oz)
Cucumber Slices (1 cup),vegetable,16,0.7,3.6,0.1,0.5,1.7,2,0,snack,0,low,44.1,mentimun Slices (1 cangkir)
Feta Cheese (1 oz),dairy,75,4.0,1.2,6.1,0.0,0.7,316,25,lunch,0,low,39.7,Feta keju (1 oz)
Olives (Kalamata 5 large),fruit,35,0.2,1.0,3.5,0.5,0.0,210,0,lunch,0,low,40.1,Olives (Kalamata 5 besar)
Chicken Alfredo (1.5 cups),meal/pasta,680,35.0,45.0,38.0,4.0,5.0,980,120,dinner,250,very_high,81.8,ayam Alfredo (1.5 cups)
Breadstick (1 large),grain,160,4.0,28.0,3.0,1.0,2.0,350,0,dinner,0,medium,43.4,Breadstick (1 besar)
Cobb Salad,meal/protein,510,30.0,12.0,38.0,7.0,6.0,800,210,lunch,500,very_high,85.1,Cobb salad
Blue Cheese Dressing (2 tbsp),condiment,150,1.0,2.0,16.0,0.0,1.0,320,10,lunch,0,medium,35.5,Blue keju Dressing (2 tbsp)
Mandarin Orange (1 medium),fruit,37,0.6,9.3,0.2,1.3,7.3,1,0,snack,0,low,43.0,Mandarin jeruk (1 sedang)
Cashews (1 oz roasted),nut,163,4.3,9.2,13.1,0.9,1.4,140,0,snack,0,medium,48.6,Cashews (1 oz panggang)
Eggo Waffle (2 waffles),grain/processed,180,4.0,30.0,5.0,1.0,4.0,400,0,breakfast,0,medium,40.7,Eggo Waffle (2 wafel)
Pulled Pork Sandwich,meal/meat,480,25.0,48.0,20.0,3.0,15.0,900,75,lunch,250,high,58.3,Pulled daging babi sandwich
Macadamia Nuts (1 oz),nut,204,2.2,3.9,21.5,2.4,1.3,1,0,snack,0,medium,54.8,Macadamia Nuts (1 oz)
Crab Cakes (2 medium),meal/seafood,340,20.0,18.0,20.0,1.0,2.0,700,120,dinner,250,high,54.4,Crab Cakes (2 sedang)
Tartar Sauce (2 tbsp),condiment,60,0.2,2.0,5.5,0.1,1.5,180,5,dinner,0,low,37.6,Tartar Sauce (2 tbsp)
Lemon Bar (1 square),dessert,150,1.5,22.0,6.0,0.5,15.0,80,30,snack,0,medium,31.7,Lemon Bar (1 square)
Almond Milk (Unsweetened 1 cup),beverage/dairy-alt,30,1.0,1.0,2.5,1.0,0.0,160,0,breakfast,240,low,44.5,Almond susu (Unsweetened 1 cangkir)
Rice Krispies (1.5 cups),grain,160,3.0,37.0,0.5,0.5,4.0,290,0,breakfast,0,medium,39.5,nasi Krispies (1.5 cups)
Sugar (1 tsp for cereal),condiment,16,0.0,4.0,0.0,0.0,4.0,0,0,breakfast,0,low,39.2,Sugar (1 tsp for sereal)
Tuna (Canned 3oz in water),protein/fish,90,20.0,0.0,1.0,0.0,0.0,250,35,lunch,0,low,66.2,tuna (Canned 3oz in air)
Mayonnaise (1 tbsp),condiment,90,0.1,0.1,10.0,0.0,0.1,70,5,lunch,0,low,40.6,Mayonnaise (1 tbsp)
Pickle (1 spear dill),vegetable,5,0.2,1.0,0.1,0.3,0.5,300,0,lunch,0,low,36.8,Pickle (1 spear dill)
Lobster Bisque (1 cup),meal/seafood,250,8.0,12.0,18.0,1.0,3.0,850,50,lunch,250,medium,35.2,Lobster Bisque (1 cangkir)
Reuben Sandwich,meal/processed,650,28.0,35.0,40.0,5.0,6.0,1500,100,lunch,500,very_high,63.7,Reuben sandwich
Sauerkraut (1/4 cup side),vegetable,7,0.3,1.5,0.0,1.0,0.6,234,0,lunch,0,low,41.3,Sauerkraut (1/4 cangkir side)
Mushroom (White 1 cup sliced),vegetable,15,2.2,2.3,0.2,0.7,1.4,4,0,dinner,0,low,47.5,Mushroom (White 1 cangkir sliced)
Soy Milk (Original 1 cup),beverage/dairy-alt,110,8.0,9.0,4.5,2.0,6.0,125,0,breakfast,240,medium,55.7,Soy susu (Original 1 cangkir)
Chicken Tikka Masala (1.5 cups),meal/meat,480,30.0,20.0,30.0,5.0,8.0,900,95,dinner,250,high,78.9,ayam Tikka Masala (1.5 cups)
Naan Bread (1 piece),grain,260,8.0,45.0,5.0,2.0,3.0,450,10,dinner,0,medium,50.3,Naan roti (1 piece)
Cucumber Salad (1/2 cup),vegetable,40,1.0,5.0,2.0,1.0,4.0,200,0,dinner,0,low,40.5,mentimun salad (1/2 cangkir)
Vodka Soda (1 drink),beverage,100,0.0,0.0,0.0,0.0,0.0,5,0,snack,180,medium,42.2,Vodka Soda (1 drink)
Chocolate Croissant,dessert,350,6.0,40.0,19.0,3.0,15.0,300,40,breakfast,250,high,43.8,Chocolate Croissant
Sweet & Sour Chicken (1 cup),meal/processed,380,18.0,45.0,15.0,3.0,25.0,750,50,dinner,0,high,44.2,Sweet & Sour ayam (1 cangkir)
Egg Drop Soup (1 cup),meal/vegetable,65,5.0,6.0,2.0,0.5,1.0,780,50,dinner,0,low,31.5,telur Drop sup (1 cangkir)
String Cheese (1 stick),dairy,80,6.0,1.0,6.0,0.0,0.0,210,20,snack,0,low,46.0,String keju (1 stick)
Turkey Burger (1 patty),protein/meat,160,22.0,2.0,8.0,0.0,1.0,400,70,lunch,250,medium,63.4,Turkey burger (1 patty)
Potato Salad (1/2 cup),meal/vegetable,180,2.0,19.0,11.0,2.0,3.0,500,10,lunch,0,medium,39.8,kentang salad (1/2 cangkir)
Cranberry Juice (1 cup),beverage,130,0.0,33.0,0.0,0.0,30.0,10,0,breakfast,240,medium,18.7,Cranberry Juice (1 cangkir)
Chicken Piccata (1 serving),meal/meat,350,30.0,10.0,20.0,1.0,2.0,600,90,dinner,250,high,73.8,ayam Piccata (1 porsi)
Angel Hair Pasta (1 cup),grain,200,7.0,42.0,1.0,2.0,1.0,1,0,dinner,0,medium,60.9,Angel Hair pasta (1 cangkir)
Olive Oil (1 tbsp),condiment,120,0.0,0.0,14.0,0.0,0.0,0,0,dinner,0,medium,42.3,Olive Oil (1 tbsp)
Garlic (1 clove),vegetable,4,0.2,0.9,0.0,0.1,0.0,1,0,dinner,0,low,43.0,Garlic (1 clove)
Salami (3 slices),protein/processed,110,6.0,1.0,9.0,0.0,0.5,500,30,snack,0,medium,38.6,Salami (3 slices)
Provolone Cheese (1 slice),dairy,100,7.0,1.0,8.0,0.0,0.5,250,20,snack,0,medium,46.3,Provolone keju (1 iris)
Ginger Ale (1 can),beverage,124,0.0,32.0,0.0,0.0,31.0,40,0,snack,355,medium,17.2,Ginger Ale (1 can)
Shrimp Scampi (1 cup),meal/seafood,380,22.0,40.0,15.0,3.0,3.0,750,140,dinner,0,high,62.9,udang Scampi (1 cangkir)
Tiramisu (1 slice),dessert,450,7.0,42.0,28.0,2.0,25.0,150,180,snack,250,high,29.4,Tiramisu (1 iris)
Cereal Bar (Fruit),snack/processed,140,2.0,30.0,3.0,1.0,15.0,110,0,breakfast,250,medium,35.5,sereal Bar (Fruit)
Veal Parmesan (1 serving),meal/meat,550,40.0,30.0,30.0,4.0,7.0,1100,130,dinner,250,very_high,84.9,Veal Parmesan (1 porsi)
Spaghetti (side),grain,100,3.5,21.0,0.5,1.0,0.5,0,0,dinner,0,medium,51.6,Spaghetti (side)
Hot Chocolate (1 cup),beverage,200,3.0,30.0,8.0,2.0,25.0,160,10,snack,240,medium,31.8,Hot Chocolate (1 cangkir)
Coconut Shrimp (5 pcs),meal/seafood,320,10.0,25.0,20.0,3.0,8.0,600,80,dinner,0,high,46.7,Coconut udang (5 pcs)
Sweet Chili Sauce (2 tbsp),condiment,70,0.0,17.0,0.0,0.5,16.0,450,0,dinner,0,low,21.9,Sweet Chili Sauce (2 tbsp)
White Wine (5 oz glass),beverage,121,0.1,3.8,0.0,0.0,1.4,5,0,dinner,0,medium,41.3,White Wine (5 oz glass)
Trail Mix (1/4 cup),snack/processed,190,5.0,20.0,12.0,3.0,14.0,50,0,snack,250,medium,50.7,Trail Mix (1/4 cangkir)
Onion Rings (6 rings),snack/processed,280,4.0,30.0,16.0,3.0,4.0,500,0,snack,0,medium,46.9,Onion Rings (6 rings)
Poached Egg (1 large),protein,72,6.3,0.4,4.8,0.0,0.4,140,185,breakfast,0,low,39.1,Poached telur (1 besar)
Canadian Bacon (2 slices),protein/meat,80,12.0,1.0,3.0,0.0,1.0,650,40,breakfast,0,low,43.8,Canadian Bacon (2 slices)
Eggs Benedict (1 serving),meal/protein,600,25.0,30.0,40.0,3.0,4.0,1100,450,breakfast,250,very_high,42.9,telur Benedict (1 porsi)
Hollandaise Sauce (2 tbsp),condiment,110,1.0,0.5,12.0,0.0,0.2,150,50,breakfast,0,medium,37.8,Hollandaise Sauce (2 tbsp)
Spinach Artichoke Dip (1/4 cup),snack/processed,160,5.0,6.0,14.0,2.0,2.0,350,30,snack,0,medium,47.6,bayam Artichoke Dip (1/4 cangkir)
Tortilla Chips (1 oz),snack/processed,140,2.0,19.0,7.0,2.0,0.5,120,0,snack,0,medium,50.8,Tortilla Chips (1 oz)
Chicken Kebab (2 skewers),meal/meat,280,30.0,8.0,14.0,3.0,4.0,500,85,dinner,250,medium,83.1,ayam Kebab (2 skewers)
Bell Peppers & Onions (sautéed),vegetable,60,1.5,10.0,2.0,3.0,6.0,30,0,dinner,0,low,51.9,Bell Peppers & Onions (sautéed)
Hummus Wrap (large),meal/vegetarian,450,15.0,60.0,18.0,12.0,5.0,800,0,lunch,500,high,94.3,Hummus Wrap (besar)
Kombucha (1 cup),beverage,30,0.0,7.0,0.0,0.0,6.0,10,0,snack,240,low,37.4,Kombucha (1 cangkir)
Beef Stroganoff (1.5 cups),meal/pasta,550,30.0,40.0,28.0,4.0,6.0,900,100,dinner,0,very_high,76.1,daging sapi Stroganoff (1.5 cups)
Egg Noodles (1 cup cooked),grain,220,8.0,40.0,3.0,2.0,2.0,20,50,dinner,0,medium,58.6,telur mi (1 cangkir matang)
Cottage Cheese (1 cup low fat),dairy,160,28.0,6.0,2.5,0.0,4.0,820,10,lunch,250,medium,64.2,Cottage keju (1 cangkir low fat)
Tomato (1 medium sliced),vegetable,22,1.1,4.8,0.2,1.5,3.2,6,0,lunch,0,low,47.7,tomat (1 sedang sliced)
Black Pepper (1 tsp),condiment,6,0.2,1.5,0.1,0.6,0.0,0,0,lunch,0,low,45.1,hitam Pepper (1 tsp)
Chocolate Pudding (1/2 cup),dessert,150,2.0,28.0,4.0,2.0,22.0,130,2,snack,0,medium,33.6,Chocolate Pudding (1/2 cangkir)
Mackerel (3oz cooked),protein/fish,175,16.0,0.0,12.0,0.0,0.0,75,65,dinner,0,medium,62.3,Mackerel (3oz matang)
Collard Greens (1 cup cooked),vegetable,60,5.0,10.0,1.0,7.0,1.0,40,0,dinner,0,low,77.8,Collard Greens (1 cangkir matang)
Ham (3oz deli sliced),protein/meat,110,16.0,2.0,4.0,0.0,1.5,950,45,lunch,0,medium,42.7,Ham (3oz deli sliced)
Swiss Cheese (1 slice),dairy,106,7.6,1.0,8.0,0.0,0.4,54,26,lunch,0,medium,51.3,Swiss keju (1 iris)
Rye Bread (1 slice),grain,83,2.7,15.5,1.1,1.9,1.2,170,0,lunch,0,low,49.8,Rye roti (1 iris)
Potato Leek Soup (1 cup),meal/vegetable,180,4.0,25.0,7.0,3.0,4.0,650,15,lunch,250,medium,42.8,kentang Leek sup (1 cangkir)
Brie Cheese (1 oz),dairy,95,6.0,0.1,7.9,0.0,0.1,178,28,snack,0,low,46.2,Brie keju (1 oz)
Water Cracker (5 crackers),grain/processed,70,1.5,12.0,1.5,0.5,0.0,150,0,snack,0,low,43.4,air Cracker (5 crackers)
Grapefruit (1/2 medium),fruit,52,1.1,13.2,0.2,2.0,8.5,0,0,breakfast,0,low,45.8,Grapefruit (1/2 sedang)
Veggie Straws (1 oz),snack/processed,130,1.0,17.0,7.0,1.0,1.0,220,0,snack,0,medium,42.4,Veggie Straws (1 oz)
Fish Tacos (2 tacos),meal/fish,420,25.0,40.0,18.0,6.0,5.0,700,60,dinner,500,high,83.9,ikan Tacos (2 tacos)
Cabbage Slaw (side),vegetable,60,1.0,8.0,3.0,2.0,5.0,120,5,dinner,0,low,45.4,Cabbage Slaw (side)
Lime (juice of 1),condiment,11,0.2,3.7,0.0,0.4,0.7,1,0,dinner,0,low,43.7,Lime (juice of 1)
Beer (12 oz light),beverage,103,0.9,5.8,0.0,0.0,0.3,10,0,snack,355,medium,43.3,Beer (12 oz light)
Danish (Cheese 1 medium),dessert,340,7.0,38.0,18.0,2.0,16.0,300,55,breakfast,250,high,39.6,Danish (keju 1 sedang)
Kefir (Plain 1 cup),beverage/dairy,104,10.0,10.0,2.5,0.0,9.0,100,10,breakfast,240,medium,48.2,Kefir (Plain 1 cangkir)
Gnocchi (1 cup),meal/pasta,210,4.5,45.0,1.5,3.0,2.0,480,0,dinner,0,medium,49.7,Gnocchi (1 cangkir)
Pesto Sauce (1/4 cup),condiment,260,5.0,4.0,26.0,2.0,1.0,550,5,dinner,0,medium,45.2,Pesto Sauce (1/4 cangkir)
Pine Nuts (1 tbsp),nut,95,2.0,2.0,10.0,0.5,0.5,0,0,dinner,0,low,47.2,Pine Nuts (1 tbsp)
Chai Latte (12 oz),beverage,190,7.0,32.0,4.0,1.0,30.0,105,15,snack,355,medium,30.9,Chai Latte (12 oz)
Manicotti (2 shells cheese),meal/pasta,380,20.0,35.0,18.0,4.0,7.0,650,60,dinner,0,high,67.3,Manicotti (2 shells keju)
Italian Sausage (1 link),protein/meat,200,12.0,3.0,16.0,0.0,1.0,550,50,dinner,0,medium,45.5,Italian Sausage (1 link)
Jicama (1 cup sticks),vegetable,46,0.9,10.6,0.1,5.8,2.1,5,0,snack,0,low,66.3,Jicama (1 cangkir sticks)
Chili Powder (1 tsp),condiment,8,0.3,1.4,0.4,0.9,0.2,10,0,snack,0,low,46.2,Chili Powder (1 tsp)
Ants on a Log (4 pcs),snack,180,6.0,12.0,12.0,3.0,7.0,120,0,snack,250,medium,56.1,Ants on a Log (4 pcs)
Split Pea Soup (1 cup),meal/legume,180,11.0,30.0,2.0,10.0,6.0,700,5,lunch,250,medium,80.9,Split Pea sup (1 cangkir)
Ham & Cheese Croissant,meal/processed,400,15.0,35.0,22.0,2.0,6.0,750,60,breakfast,250,high,49.6,Ham & keju Croissant
Espresso (double shot),beverage,5,0.5,0.0,0.1,0.0,0.0,1,0,breakfast,60,low,43.1,Espresso (double shot)
Ricotta Cheese (1/4 cup),dairy,85,5.5,2.5,6.0,0.0,1.0,50,24,dinner,0,low,47.8,Ricotta keju (1/4 cangkir)
Chicken & Rice Soup (1 can),meal/processed,130,7.0,18.0,3.0,2.0,2.0,850,15,lunch,250,medium,40.4,ayam & nasi sup (1 can)
Guava,fruit,68,2.6,14.3,0.9,5.4,8.9,3,0,snack,0,low,62.0,Guava
Club Sandwich,meal/processed,580,35.0,40.0,30.0,5.0,7.0,1300,95,lunch,500,very_high,78.6,Club sandwich
Pickle (1 whole dill),vegetable,17,0.8,3.7,0.2,1.5,1.7,1200,0,snack,0,low,21.8,Pickle (1 whole dill)
Turkey Chili (1 cup),meal/meat,250,22.0,25.0,7.0,8.0,6.0,750,50,dinner,250,medium,86.2,Turkey Chili (1 cangkir)
Sour Cream (2 tbsp),condiment/dairy,60,0.8,1.3,5.8,0.0,0.8,25,12,dinner,0,low,41.8,Sour Cream (2 tbsp)
Shredded Cheese (Cheddar 1/4 cup),dairy,115,7.0,1.0,9.5,0.0,0.5,180,30,dinner,0,medium,47.3,Shredded keju (Cheddar 1/4 cangkir)
Matcha Latte (12 oz),beverage,180,6.0,28.0,5.0,2.0,25.0,90,20,snack,355,medium,37.5,Matcha Latte (12 oz)
Chocolate Donut (1 medium),dessert,300,4.0,35.0,17.0,2.0,18.0,230,20,breakfast,0,high,36.7,Chocolate Donut (1 sedang)
Tuna Melt,meal/processed,450,25.0,32.0,25.0,3.0,4.0,900,50,lunch,250,high,68.2,tuna Melt
Apple Cider (1 cup),beverage,117,0.1,29.0,0.3,0.5,27.0,10,0,snack,240,medium,23.2,apel Cider (1 cangkir)
Beef Burrito (large),meal/processed,650,30.0,70.0,28.0,10.0,5.0,1400,70,dinner,500,very_high,92.4,daging sapi burrito (besar)
Pico de Gallo (1/4 cup),condiment,15,0.5,3.0,0.0,1.0,2.0,200,0,dinner,0,low,41.3,Pico de Gallo (1/4 cangkir)
Corn Tortilla (1 medium),grain,52,1.4,11.2,0.7,1.5,0.2,4,0,dinner,0,low,50.6,Corn Tortilla (1 sedang)
Mussels (3oz steamed),protein/seafood,146,20.0,6.0,4.0,0.0,0.0,310,48,dinner,0,medium,64.2,Mussels (3oz kukus)
White Wine Sauce (1/4 cup),condiment,80,1.0,4.0,6.0,0.5,2.0,300,5,dinner,0,low,37.5,White Wine Sauce (1/4 cangkir)
French Bread (2 slices),grain,180,6.0,36.0,1.0,2.0,2.0,380,0,dinner,0,medium,50.1,French roti (2 slices)
Blackberries (1 cup),fruit,62,2.0,13.8,0.7,7.6,4.9,1,0,snack,0,low,73.4,Blackberries (1 cangkir)
Cheese Danish,dessert,340,7.0,38.0,18.0,2.0,16.0,300,55,breakfast,250,high,39.6,keju Danish
Chicken Salad Sandwich,meal/processed,420,20.0,35.0,20.0,3.0,5.0,850,60,lunch,250,high,60.2,salad ayam sandwich
Soyrizo (2 oz),protein/vegetarian,140,10.0,6.0,9.0,3.0,2.0,450,0,breakfast,0,medium,58.9,Soyrizo (2 oz)
Hash Browns (1 cup),vegetable,330,3.0,38.0,19.0,3.0,1.0,550,0,breakfast,0,high,46.6,Hash Browns (1 cangkir)
Ketchup (1 packet),condiment,10,0.1,2.5,0.0,0.1,2.0,90,0,breakfast,0,low,39.3,Ketchup (1 packet)
Philly Cheesesteak (6 inch),meal/processed,500,25.0,40.0,28.0,3.0,5.0,1100,70,lunch,500,very_high,61.9,Philly Cheesesteak (6 inch)
Cheese Whiz (2 tbsp),condiment/processed,90,4.0,3.0,7.0,0.0,2.0,540,20,lunch,0,low,34.0,keju Whiz (2 tbsp)
Onions (sautéed 1/4 cup),vegetable,30,0.5,5.0,1.0,1.0,3.0,5,0,lunch,0,low,44.8,Onions (sautéed 1/4 cangkir)
Raspberries (1 cup),fruit,64,1.5,14.7,0.8,8.0,5.4,1,0,snack,0,low,73.9,Raspberries (1 cangkir)
Cheesy Grits (1 cup),meal/grain,210,6.0,34.0,6.0,2.0,1.0,550,20,breakfast,0,medium,46.0,Cheesy Grits (1 cangkir)
Collard Greens (with ham hock),vegetable,180,10.0,15.0,9.0,8.0,3.0,600,30,dinner,0,medium,74.2,Collard Greens (with ham hock)
Fried Okra (1 cup),vegetable,220,4.0,25.0,12.0,5.0,3.0,450,10,dinner,0,medium,56.6,goreng Okra (1 cangkir)
Sweet Tea (16 oz),beverage,180,0.0,46.0,0.0,0.0,46.0,15,0,lunch,473,medium,6.0,Sweet teh (16 oz)
Gyro (1 sandwich),meal/meat,600,25.0,55.0,30.0,5.0,6.0,1200,80,dinner,250,very_high,66.8,Gyro (1 sandwich)
Pita Bread (White 1 large),grain,220,7.0,45.0,2.0,2.0,2.0,440,0,dinner,0,medium,50.3,Pita roti (White 1 besar)
Baklava (1 piece),dessert,280,3.0,30.0,18.0,2.0,20.0,80,10,snack,0,medium,37.5,Baklava (1 piece)
Coconut (shredded 1/4 cup),fruit,110,1.0,4.5,10.5,2.0,1.5,3,0,snack,0,medium,51.0,Coconut (shredded 1/4 cangkir)
S'more (1 serving),dessert,140,2.0,25.0,4.0,1.0,15.0,90,0,snack,0,medium,35.9,S'more (1 porsi)
Graham Cracker (1 large rectangle),grain/processed,60,1.0,11.0,1.5,0.5,4.0,70,0,snack,0,low,41.3,Graham Cracker (1 besar rectangle)
Marshmallow (1 large),dessert,23,0.1,5.8,0.0,0.0,4.0,5,0,snack,0,low,39.3,Marshmallow (1 besar)
Chocolate (Hershey's bar 1 segment),dessert,25,0.3,3.0,1.5,0.2,2.8,4,1,snack,0,low,41.3,Chocolate (Hershey's bar 1 segment)
Chicken Parm Sandwich,meal/processed,650,40.0,55.0,30.0,6.0,9.0,1400,100,lunch,500,very_high,86.6,ayam Parm sandwich
Mozzarella (1 slice),dairy,80,6.0,1.0,6.0,0.0,0.5,150,20,lunch,0,low,46.9,Mozzarella (1 iris)
Bread Roll (hoagie),grain,200,6.0,38.0,2.0,2.0,3.0,400,0,lunch,0,medium,48.8,roti Roll (hoagie)
Artichoke (1 medium steamed),vegetable,60,4.2,13.4,0.2,6.9,1.2,112,0,dinner,0,low,74.4,Artichoke (1 sedang kukus)
Mayonnaise (1 tbsp for dipping),condiment,90,0.1,0.1,10.0,0.0,0.1,70,5,dinner,0,low,40.6,Mayonnaise (1 tbsp for dipping)
Calamari (fried 3oz),meal/seafood,150,13.0,8.0,7.0,1.0,1.0,600,220,dinner,0,medium,41.2,Calamari (goreng 3oz)
Lemon Wedge (for calamari),condiment,3,0.1,1.0,0.0,0.3,0.2,0,0,dinner,0,low,43.6,Lemon Wedge (for calamari)
Root Beer (1 can),beverage,150,0.0,40.0,0.0,0.0,40.0,55,0,snack,355,medium,9.8,Root Beer (1 can)
Chicken McNuggets (6 pcs),meal/processed,270,15.0,16.0,16.0,1.0,0.0,500,40,lunch,0,medium,56.8,ayam McNuggets (6 pcs)
BBQ Sauce (2 tbsp),condiment,60,0.5,15.0,0.0,0.5,12.0,350,0,lunch,0,low,28.0,BBQ Sauce (2 tbsp)
Honey (1 tbsp),condiment,64,0.1,17.3,0.0,0.0,17.2,1,0,breakfast,0,low,29.0,Honey (1 tbsp)
Tofu Scramble,meal/vegetarian,250,20.0,8.0,16.0,4.0,3.0,300,0,breakfast,250,medium,81.3,Tofu Scramble
Turmeric (1 tsp),condiment,9,0.3,1.9,0.1,0.7,0.1,1,0,breakfast,0,low,45.6,Turmeric (1 tsp)
Nutritional Yeast (1 tbsp),condiment,20,3.0,2.0,0.0,1.0,0.0,10,0,breakfast,0,low,51.0,Nutritional Yeast (1 tbsp)
Seitan (3oz),protein/vegetarian,90,18.0,4.0,1.0,1.0,1.0,300,0,dinner,0,low,67.2,Seitan (3oz)
Vegetable Broth (1 cup),beverage,15,1.0,3.0,0.0,1.0,2.0,550,0,dinner,240,low,34.3,Vegetable Broth (1 cangkir)
Mashed Cauliflower (1 cup),vegetable,140,5.0,12.0,8.0,5.0,4.0,400,25,dinner,0,medium,57.8,Mashed Cauliflower (1 cangkir)
Peanut Sauce (2 tbsp),condiment,80,2.0,4.0,6.0,1.0,3.0,250,0,dinner,0,low,41.7,Peanut Sauce (2 tbsp)
Tempeh (3oz),protein/vegetarian,160,16.0,8.0,9.0,5.0,0.0,10,0,lunch,0,medium,88.1,Tempeh (3oz)
Sauerkraut (1/2 cup),vegetable,14,0.7,3.1,0.1,2.0,1.2,468,0,lunch,0,low,40.5,Sauerkraut (1/2 cangkir)
Rye Crispbread (2 slices),grain,70,2.0,14.0,0.5,3.0,0.0,120,0,lunch,0,low,55.3,Rye Crispbread (2 slices)
Capers (1 tbsp),condiment,2,0.2,0.4,0.1,0.3,0.1,200,0,dinner,0,low,39.4,Capers (1 tbsp)
Chicken Liver (2 oz cooked),protein/meat,91,13.6,0.6,3.6,0.0,0.0,50,320,dinner,0,low,45.8,ayam Liver (2 oz matang)
Onion (1/2 cup raw chopped),vegetable,32,0.9,7.5,0.1,1.4,3.8,3,0,dinner,0,low,46.6,Onion (1/2 cangkir mentah chopped)
Bok Choy (1 cup steamed),vegetable,10,1.5,2.0,0.1,1.0,1.0,40,0,dinner,0,low,47.2,Bok Choy (1 cangkir kukus)
Gummy Bears (10 pcs),snack/dessert,100,2.0,22.0,0.0,0.0,15.0,10,0,snack,0,medium,33.5,Gummy Bears (10 pcs)
Whiskey (1.5 oz shot),beverage,105,0.0,0.1,0.0,0.0,0.1,1,0,snack,0,medium,42.2,Whiskey (1.5 oz shot)
Dates (2 medium Medjool),fruit,133,0.8,36.0,0.1,3.2,32.0,1,0,snack,0,medium,31.9,Dates (2 sedang Medjool)
Tahini (1 tbsp),condiment,89,2.6,3.2,8.0,1.4,0.1,17,0,snack,0,low,51.8,Tahini (1 tbsp)
Chickpeas (1/2 cup canned),legume,135,7.0,22.0,2.0,6.0,3.0,250,0,lunch,0,medium,70.5,Chickpeas (1/2 cangkir canned)
Lettuce (Romaine 2 cups),vegetable,16,1.0,3.0,0.3,2.0,1.0,10,0,lunch,0,low,51.3,Lettuce (Romaine 2 cups)
Italian Dressing (2 tbsp),condiment,70,0.0,3.0,7.0,0.0,2.0,300,0,lunch,0,low,34.1,Italian Dressing (2 tbsp)
Turkey Sausage (1 patty),protein/meat,70,9.0,1.0,4.0,0.0,0.5,280,35,breakfast,0,low,48.0,Turkey Sausage (1 patty)
Maple Syrup (1 tbsp),condiment,52,0.0,13.5,0.0,0.0,12.0,1,0,breakfast,0,low,32.9,Maple Syrup (1 tbsp)
Quesadilla (Cheese 1 medium),meal/processed,400,18.0,35.0,22.0,3.0,2.0,700,50,lunch,250,high,63.3,Quesadilla (keju 1 sedang)
Sour Cream (1 tbsp),condiment/dairy,30,0.4,0.6,2.9,0.0,0.4,12,6,lunch,0,low,42.1,Sour Cream (1 tbsp)
Salsa (2 tbsp),condiment,10,0.5,2.0,0.0,0.5,1.0,120,0,lunch,0,low,41.7,Salsa (2 tbsp)
Red Cabbage (1 cup raw),vegetable,22,1.1,5.2,0.1,1.6,2.8,8,0,dinner,0,low,48.4,Red Cabbage (1 cangkir mentah)
Duck (3oz roasted),protein/meat,285,16.0,0.0,24.0,0.0,0.0,65,72,dinner,0,medium,62.1,Duck (3oz panggang)
Orange Sauce (1/4 cup for duck),condiment,90,0.5,22.0,0.0,0.5,20.0,200,0,dinner,0,low,25.1,jeruk Sauce (1/4 cangkir for duck)
Wild Rice (1 cup cooked),grain,166,6.5,35.0,0.6,3.0,1.2,5,0,dinner,0,medium,64.0,Wild nasi (1 cangkir matang)
Cupcake (Vanilla 1 medium),dessert,240,2.0,35.0,11.0,1.0,25.0,200,30,snack,0,medium,24.1,Cupcake (Vanilla 1 sedang)
Frosting (Vanilla 2 tbsp),condiment,140,0.0,22.0,6.0,0.0,22.0,65,0,snack,0,medium,23.7,Frosting (Vanilla 2 tbsp)
Bison Burger (1 patty),protein/meat,150,22.0,0.0,7.0,0.0,0.0,65,70,lunch,250,medium,71.6,Bison burger (1 patty)
Pretzel Bun (1 medium),grain,230,8.0,45.0,2.0,2.0,4.0,550,0,lunch,0,medium,47.8,Pretzel Bun (1 sedang)
Spicy Mustard (1 tbsp),condiment,10,0.5,1.0,0.5,0.5,0.0,120,0,lunch,0,low,42.5,pedas Mustard (1 tbsp)
Pasta Salad (1 cup),meal/pasta,280,8.0,30.0,14.0,4.0,5.0,450,10,lunch,0,medium,57.2,pasta salad (1 cangkir)
Pepperoncini (2 peppers),vegetable,10,0.5,2.0,0.0,1.0,1.0,350,0,lunch,0,low,38.7,Pepperoncini (2 peppers)
Coconut Milk (1/4 cup canned),condiment,111,1.1,2.9,11.6,0.5,1.5,8,0,dinner,0,medium,44.8,Coconut susu (1/4 cangkir canned)
Green Curry Paste (1 tbsp),condiment,30,0.5,2.0,2.5,1.0,1.0,400,0,dinner,0,low,37.6,Green Curry Paste (1 tbsp)
Chicken Thigh (1 roasted),protein/meat,210,24.0,0.0,13.0,0.0,0.0,90,120,dinner,0,medium,71.6,paha ayam (1 panggang)
Jasmine Rice (1 cup cooked),grain,205,4.3,45.0,0.4,0.6,0.0,2,0,dinner,0,medium,51.5,Jasmine nasi (1 cangkir matang)
Thai Iced Tea (1 glass),beverage,250,3.0,35.0,12.0,0.0,33.0,50,35,snack,300,medium,18.3,Thai Iced teh (1 glass)
Papaya (1 cup cubes),fruit,62,0.6,15.7,0.4,2.5,11.0,12,0,snack,0,low,44.9,Papaya (1 cangkir cubes)
Lime Juice (1 tbsp),condiment,4,0.1,1.3,0.0,0.1,0.2,0,0,snack,0,low,42.8,Lime Juice (1 tbsp)
Macaroni Salad (1 cup),meal/pasta,380,8.0,30.0,25.0,3.0,6.0,750,20,lunch,0,high,45.0,Macaroni salad (1 cangkir)
Celery (1 stalk),vegetable,6,0.3,1.2,0.1,0.6,0.5,32,0,lunch,0,low,44.2,Celery (1 stalk)
Blue Cheese (1 oz),dairy,100,6.0,0.7,8.0,0.0,0.1,325,21,snack,0,medium,43.3,Blue keju (1 oz)
Dark Chocolate (1 oz 70%),dessert,170,2.2,13.0,12.0,3.0,7.0,5,0,snack,0,medium,52.7,Dark Chocolate (1 oz 70%)
Acai Bowl (1 serving),meal/fruit,350,5.0,60.0,12.0,10.0,30.0,40,0,breakfast,250,high,67.7,Acai Bowl (1 porsi)
Granola (1/4 cup topping),grain,120,3.0,15.0,6.0,3.0,7.0,20,0,breakfast,0,medium,53.7,Granola (1/4 cangkir topping)
Coconut Flakes (1 tbsp topping),fruit,35,0.3,1.5,3.3,0.7,0.5,1,0,breakfast,0,low,45.3,Coconut Flakes (1 tbsp topping)
Honey (1 tsp drizzle),condiment,21,0.0,5.8,0.0,0.0,5.8,0,0,breakfast,0,low,37.8,Honey (1 tsp drizzle)
Shrimp Cocktail (4 large shrimp),protein/seafood,60,10.0,1.0,1.0,0.0,0.5,300,110,snack,0,low,45.2,udang Cocktail (4 besar udang)
Cocktail Sauce (2 tbsp),condiment,30,0.5,7.0,0.0,0.5,5.0,450,0,snack,0,low,31.3,Cocktail Sauce (2 tbsp)
Pork Bun (1 steamed),meal/processed,220,8.0,30.0,8.0,2.0,6.0,400,20,lunch,0,medium,48.6,daging babi Bun (1 kukus)
Dim Sum (Siu Mai 3 pcs),meal/processed,180,12.0,10.0,10.0,2.0,1.0,550,60,lunch,0,medium,53.3,Dim Sum (Siu Mai 3 pcs)
Soy Sauce (1 tbsp for dipping),condiment,9,1.0,1.0,0.0,0.1,0.4,920,0,lunch,0,low,23.5,Soy Sauce (1 tbsp for dipping)
Oyster (1 medium raw),protein/seafood,8,1.0,0.5,0.2,0.0,0.0,50,10,dinner,0,low,42.3,Oyster (1 sedang mentah)
Mignonette Sauce (1 tbsp),condiment,5,0.0,1.0,0.0,0.0,0.5,30,0,dinner,0,low,41.3,Mignonette Sauce (1 tbsp)
Beef Pho (1 large bowl),meal/soup,450,30.0,55.0,12.0,4.0,5.0,1500,60,dinner,500,high,65.5,daging sapi Pho (1 besar bowl)
Bean Sprouts (1/4 cup garnish),vegetable,8,0.8,1.5,0.1,0.4,1.0,1,0,dinner,0,low,44.4,Bean Sprouts (1/4 cangkir garnish)
Thai Basil (garnish),condiment,1,0.1,0.0,0.0,0.0,0.0,0,0,dinner,0,low,42.5,Thai Basil (garnish)
Lime Wedge (garnish),condiment,3,0.1,1.0,0.0,0.3,0.2,0,0,dinner,0,low,43.6,Lime Wedge (garnish)
Jalapeno (1 tbsp sliced),vegetable,4,0.1,0.8,0.1,0.4,0.5,1,0,dinner,0,low,43.7,Jalapeno (1 tbsp sliced)
Hoisin Sauce (1 tbsp),condiment,35,0.3,8.0,0.2,0.1,5.0,220,0,dinner,0,low,34.4,Hoisin Sauce (1 tbsp)
Sriracha (1 tsp),condiment,5,0.1,1.0,0.1,0.1,0.8,80,0,dinner,0,low,40.5,Sriracha (1 tsp)
Crepe (1 plain),grain,90,3.5,14.0,2.0,0.5,3.0,100,25,breakfast,0,low,44.0,Crepe (1 plain)
Nutella (1 tbsp),condiment,100,1.5,11.0,6.0,1.0,10.0,10,0,breakfast,0,medium,40.8,Nutella (1 tbsp)
Powdered Sugar (1 tsp),condiment,10,0.0,2.5,0.0,0.0,2.5,0,0,breakfast,0,low,40.4,Powdered Sugar (1 tsp)
Sake (3 oz),beverage,117,0.4,3.8,0.0,0.0,0.0,4,0,dinner,0,medium,42.9,Sake (3 oz)
Edamame (in pod 1 cup),legume,120,11.0,9.0,5.0,5.0,2.0,9,0,snack,250,medium,78.7,Edamame (in pod 1 cangkir)
Biryani (Chicken 1.5 cups),meal/meat,520,28.0,60.0,18.0,5.0,6.0,900,75,dinner,0,very_high,78.4,Biryani (ayam 1.5 cups)
Raita (2 tbsp),condiment/dairy,30,1.0,2.0,2.0,0.5,1.5,100,5,dinner,0,low,42.3,Raita (2 tbsp)
Lassi (Mango 1 cup),beverage,180,5.0,30.0,4.0,1.0,28.0,60,15,snack,240,medium,30.3,Lassi (mangga 1 cangkir)
Samosa (1 piece vegetable),snack/processed,130,2.0,18.0,6.0,2.0,1.0,300,0,snack,0,medium,46.4,Samosa (1 piece vegetable)
Tamarind Chutney (1 tbsp),condiment,20,0.1,5.0,0.0,0.5,4.0,120,0,snack,0,low,38.8,Tamarind Chutney (1 tbsp)
Mint Chutney (1 tbsp),condiment,5,0.2,0.5,0.0,0.3,0.2,150,0,snack,0,low,40.4,Mint Chutney (1 tbsp)
Pani Puri (6 pcs),snack/processed,200,4.0,35.0,5.0,3.0,2.0,400,0,snack,0,medium,50.7,Pani Puri (6 pcs)
Passion Fruit (1 fruit),fruit,17,0.4,4.2,0.1,1.9,2.0,5,0,snack,0,low,49.2,Passion Fruit (1 fruit)
Kimchi Jjigae (1 bowl),meal/soup,350,15.0,20.0,22.0,5.0,6.0,1200,30,dinner,500,high,53.8,Kimchi Jjigae (1 bowl)
Silken Tofu (3oz in soup),protein/vegetarian,45,5.0,2.0,2.5,0.5,1.0,5,0,dinner,0,low,51.4,Silken Tofu (3oz in sup)
Pork Belly (1 oz in soup),protein/meat,145,3.0,0.0,15.0,0.0,0.0,150,20,dinner,0,medium,42.6,daging babi Belly (1 oz in sup)
Gochugaru (1 tsp),condiment,10,0.3,1.8,0.3,0.5,0.3,1,0,dinner,0,low,44.6,Gochugaru (1 tsp)
Gochujang (1 tbsp),condiment,30,0.5,6.0,0.0,0.5,4.0,200,0,dinner,0,low,37.6,Gochujang (1 tbsp)
Sesame Oil (1 tsp),condiment,40,0.0,0.0,4.5,0.0,0.0,0,0,dinner,0,low,42.3,Sesame Oil (1 tsp)
Fish Sauce (1 tsp),condiment,5,0.4,0.5,0.0,0.0,0.4,450,0,dinner,0,low,32.6,ikan Sauce (1 tsp)
Green Onion (1 tbsp garnish),vegetable,3,0.2,0.7,0.0,0.2,0.2,0,0,dinner,0,low,43.3,Green Onion (1 tbsp garnish)
Kombucha (16 oz),beverage,60,0.0,14.0,0.0,0.0,12.0,20,0,snack,473,low,32.5,Kombucha (16 oz)
Beef Wellington (1 slice),meal/meat,600,30.0,35.0,38.0,4.0,4.0,850,100,dinner,0,very_high,78.7,daging sapi Wellington (1 iris)
Pate (Mushroom 2 tbsp),condiment,70,1.0,2.0,7.0,1.0,1.0,100,0,dinner,0,low,45.1,Pate (Mushroom 2 tbsp)
Puff Pastry (1 oz wrapper),grain,115,1.5,9.0,8.0,0.5,0.0,100,0,dinner,0,medium,44.5,Puff Pastry (1 oz wrapper)
Prosciutto (1 slice),protein/meat,35,4.0,0.0,2.5,0.0,0.0,280,10,dinner,0,low,41.8,Prosciutto (1 iris)
Asparagus (6 spears roasted),vegetable,40,4.0,4.0,2.0,3.0,2.0,150,0,dinner,0,low,56.2,Asparagus (6 spears panggang)
Hollandaise Sauce (1 tbsp),condiment,55,0.5,0.2,6.0,0.0,0.1,75,25,dinner,0,low,40.1,Hollandaise Sauce (1 tbsp)
Flan (1 slice),dessert,220,6.0,35.0,7.0,0.0,33.0,80,90,snack,0,medium,19.4,Flan (1 iris)
Caramel Sauce (1 tbsp),condiment,60,0.0,13.0,1.0,0.0,12.0,30,5,snack,0,low,32.0,Caramel Sauce (1 tbsp)
Congee (1 cup plain),meal/grain,130,2.5,28.0,1.0,1.0,0.5,300,0,breakfast,0,medium,43.4,Congee (1 cangkir plain)
Pickled Radish (1/4 cup),vegetable,15,0.5,3.0,0.0,1.0,2.0,250,0,breakfast,0,low,40.2,Pickled Radish (1/4 cangkir)
Pork Floss (1 tbsp),protein/meat,50,4.0,3.0,2.0,0.0,2.5,150,10,breakfast,0,low,42.8,daging babi Floss (1 tbsp)
Century Egg (1 egg),protein,100,7.0,1.0,7.0,0.0,0.5,300,200,breakfast,0,medium,35.8,Century telur (1 telur)
Arugula (2 cups),vegetable,10,1.0,0.8,0.2,0.4,0.4,6,0,lunch,0,low,45.1,Arugula (2 cups)
Goat Cheese (1 oz),dairy,103,6.1,0.1,8.5,0.0,0.1,146,22,lunch,0,medium,47.4,Goat keju (1 oz)
Beets (1/2 cup roasted),vegetable,30,0.8,6.8,0.1,1.4,5.8,50,0,lunch,0,low,43.8,Beets (1/2 cangkir panggang)
Walnuts (1 tbsp chopped),nut,46,1.1,1.0,4.6,0.5,0.2,0,0,lunch,0,low,46.0,kacang kenari (1 tbsp chopped)
Balsamic Glaze (1 tbsp),condiment,40,0.0,9.0,0.0,0.0,8.0,10,0,lunch,0,low,35.9,Balsamic Glaze (1 tbsp)
Bobotie (1 serving),meal/meat,450,25.0,30.0,25.0,5.0,15.0,700,150,dinner,0,high,67.2,Bobotie (1 porsi)
Yellow Rice (1 cup),grain,230,4.0,50.0,1.0,2.0,1.0,300,0,dinner,0,medium,49.5,Yellow nasi (1 cangkir)
Chutney (Mango 1 tbsp),condiment,45,0.1,11.0,0.1,0.5,10.0,180,0,dinner,0,low,32.8,Chutney (mangga 1 tbsp)
Malva Pudding (1 slice),dessert,380,5.0,60.0,14.0,2.0,40.0,350,60,snack,0,high,16.3,Malva Pudding (1 iris)
Custard (1/4 cup),condiment,80,3.0,10.0,3.0,0.0,8.0,40,40,snack,0,low,37.8,Custard (1/4 cangkir)
Bubble Tea (16 oz milk tea),beverage,320,2.0,70.0,4.0,1.0,60.0,100,10,snack,473,high,0.0,Bubble teh (16 oz susu teh)
Tapioca Pearls (1/4 cup boba),condiment,100,0.0,25.0,0.0,0.0,20.0,5,0,snack,0,medium,26.6,Tapioca Pearls (1/4 cangkir boba)
Paella (1.5 cups seafood),meal/rice,550,30.0,70.0,18.0,6.0,5.0,1200,110,dinner,0,very_high,78.0,Paella (1.5 cups seafood)
Chorizo (1 oz in paella),protein/meat,130,6.0,1.0,11.0,0.0,0.5,350,30,dinner,0,medium,42.0,Chorizo (1 oz in paella)
Saffron (pinch),condiment,1,0.0,0.1,0.0,0.0,0.0,0,0,dinner,0,low,42.3,Saffron (pinch)
Aioli (Garlic 1 tbsp),condiment,95,0.1,0.5,10.5,0.0,0.1,70,5,dinner,0,low,40.6,Aioli (Garlic 1 tbsp)
Gazpacho (1 cup),meal/soup,90,2.0,12.0,4.0,3.0,7.0,600,0,lunch,240,low,39.2,Gazpacho (1 cangkir)
Croutons (Garlic 1/4 cup),grain,50,1.5,7.0,2.0,0.5,0.5,140,0,lunch,0,low,43.3,Croutons (Garlic 1/4 cangkir)
Olive Oil (1 tsp garnish),condiment,40,0.0,0.0,4.5,0.0,0.0,0,0,lunch,0,low,42.3,Olive Oil (1 tsp garnish)
Churros (2 sticks),dessert,240,3.0,30.0,12.0,1.5,10.0,200,20,snack,0,medium,40.0,Churros (2 sticks)
Chocolate Sauce (1 tbsp dipping),condiment,50,0.5,10.0,1.5,1.0,8.0,5,0,snack,0,low,40.9,Chocolate Sauce (1 tbsp dipping)
Cinnamon Sugar (1 tsp),condiment,20,0.0,5.0,0.0,0.0,5.0,0,0,snack,0,low,38.4,Cinnamon Sugar (1 tsp)
Horchata (1 cup),beverage,140,2.0,25.0,3.0,1.0,22.0,30,5,snack,240,medium,31.5,Horchata (1 cangkir)
Ceviche (1 cup fish),meal/fish,180,25.0,15.0,2.0,3.0,4.0,700,45,lunch,0,medium,72.9,Ceviche (1 cangkir ikan)
Red Onion (1/4 cup in ceviche),vegetable,16,0.3,3.7,0.0,0.4,1.8,1,0,lunch,0,low,43.0,Red Onion (1/4 cangkir in ceviche)
Cilantro (2 tbsp garnish),condiment,1,0.1,0.0,0.0,0.1,0.0,0,0,lunch,0,low,42.9,Cilantro (2 tbsp garnish)
Corn Nuts (1 oz),snack/processed,130,2.0,23.0,4.0,2.0,0.0,180,0,snack,0,medium,49.8,Corn Nuts (1 oz)
Lomo Saltado (1.5 cups),meal/meat,500,35.0,45.0,22.0,5.0,6.0,1100,90,dinner,0,very_high,84.1,Lomo Saltado (1.5 cups)
French Fries (as side),vegetable/processed,200,2.0,25.0,10.0,2.0,0.2,130,0,dinner,0,medium,50.8,French Fries (as side)
Soy Sauce (1 tbsp in stir-fry),condiment,9,1.0,1.0,0.0,0.1,0.4,920,0,dinner,0,low,23.5,Soy Sauce (1 tbsp in stir-fry)
Aji Amarillo Paste (1 tsp),condiment,5,0.1,1.0,0.0,0.5,0.5,50,0,dinner,0,low,43.1,Aji Amarillo Paste (1 tsp)
Pisco Sour (1 drink),beverage,250,1.0,25.0,0.0,0.0,24.0,5,5,snack,180,medium,24.8,Pisco Sour (1 drink)
Egg White (in drink),condiment,17,3.6,0.2,0.0,0.0,0.2,55,0,snack,0,low,46.6,telur White (in drink)
Angostura Bitters (dash),condiment,5,0.0,0.0,0.0,0.0,0.0,0,0,snack,0,low,42.3,Angostura Bitters (dash)
Alfajores (1 cookie),dessert,180,2.0,22.0,10.0,1.0,15.0,60,20,snack,0,medium,35.5,Alfajores (1 cookie)
Dulce de Leche (1 tbsp filling),condiment,65,1.0,12.0,1.5,0.0,10.0,30,5,snack,0,low,35.2,Dulce de Leche (1 tbsp filling)
Coconut (shredded garnish),fruit,10,0.1,0.5,1.0,0.2,0.1,0,0,snack,0,low,43.2,Coconut (shredded garnish)
Mate (1 cup),beverage,5,0.2,1.0,0.0,0.0,0.0,2,0,breakfast,240,low,42.6,Mate (1 cangkir)
Media Luna (1 pastry),grain,190,4.0,25.0,8.0,1.0,9.0,150,25,breakfast,0,medium,41.1,Media Luna (1 pastry)
Chimichurri (1 tbsp),condiment,45,0.1,0.5,4.5,0.2,0.1,100,0,dinner,0,low,41.0,Chimichurri (1 tbsp)
Skirt Steak (4oz grilled),protein/meat,240,26.0,0.0,15.0,0.0,0.0,70,80,dinner,0,medium,77.3,Skirt Steak (4oz panggang)
Provoleta (1 oz grilled cheese),dairy,100,7.0,1.0,8.0,0.0,0.5,250,20,dinner,0,medium,46.3,Provoleta (1 oz panggang keju)
Oregano (1 tsp),condiment,3,0.1,0.7,0.0,0.2,0.0,0,0,dinner,0,low,43.3,Oregano (1 tsp)
Empanada (Beef 1 medium),meal/processed,290,10.0,28.0,16.0,3.0,3.0,550,30,lunch,0,medium,54.4,Empanada (daging sapi 1 sedang)
Chicken Milanesa (1 serving),meal/meat,450,35.0,30.0,22.0,3.0,2.0,700,100,dinner,0,high,87.3,ayam Milanesa (1 porsi)
Mashed Potatoes (side),vegetable,150,3.0,25.0,4.0,2.0,2.0,300,10,dinner,0,medium,46.6,Mashed Potatoes (side)
Choripan (1 sandwich),meal/processed,550,20.0,40.0,35.0,3.0,4.0,1100,80,lunch,250,very_high,54.4,Choripan (1 sandwich)
Baguette (slice),grain,70,2.5,14.0,0.5,0.6,0.5,150,0,lunch,0,low,45.0,Baguette (iris)
Pizza (Margherita 1 slice),meal/processed,250,12.0,30.0,10.0,3.0,4.0,600,25,dinner,250,medium,55.9,pizza (Margherita 1 iris)
Fresh Mozzarella (1 oz),dairy,72,5.0,0.8,5.0,0.0,0.3,138,22,dinner,0,low,45.7,segar Mozzarella (1 oz)
Basil (2 tbsp fresh),condiment,1,0.1,0.1,0.0,0.1,0.0,0,0,dinner,0,low,42.9,Basil (2 tbsp segar)
Carbonara (1.5 cups),meal/pasta,650,25.0,60.0,35.0,4.0,4.0,900,250,dinner,0,very_high,62.0,Carbonara (1.5 cups)
Guanciale (1 oz),protein/meat,170,3.0,0.0,18.0,0.0,0.0,450,35,dinner,0,medium,35.2,Guanciale (1 oz)
Pecorino Cheese (1 tbsp),dairy,25,1.5,0.1,2.0,0.0,0.0,110,6,dinner,0,low,41.9,Pecorino keju (1 tbsp)
Black Pepper (1/4 tsp),condiment,1,0.0,0.2,0.0,0.1,0.0,0,0,dinner,0,low,42.8,hitam Pepper (1/4 tsp)
Egg Yolk (1 large in sauce),protein,55,2.7,0.6,4.5,0.0,0.3,8,184,dinner,0,low,36.6,telur Yolk (1 besar in sauce)
Supplì (1 piece fried rice ball),snack/processed,200,8.0,25.0,8.0,2.0,2.0,400,25,snack,0,medium,51.5,Supplì (1 piece nasi goreng ball)
Aperol Spritz (1 drink),beverage,180,0.0,20.0,0.0,0.0,20.0,10,0,snack,150,medium,26.5,Aperol Spritz (1 drink)
Prosecco (3 oz),beverage,70,0.0,2.0,0.0,0.0,1.5,5,0,snack,0,low,41.0,Prosecco (3 oz)
Orange Slice (garnish),fruit,5,0.1,1.0,0.0,0.2,0.8,0,0,snack,0,low,42.7,jeruk iris (garnish)
Tagliatelle al Ragù (Bolognese),meal/pasta,550,28.0,65.0,20.0,7.0,8.0,850,70,dinner,500,very_high,86.6,Tagliatelle al Ragù (Bolognese)
Ground Beef (2 oz in sauce),protein/meat,140,11.0,0.0,10.0,0.0,0.0,40,35,dinner,0,medium,56.8,Ground daging sapi (2 oz in sauce)
Pancetta (0.5 oz in sauce),protein/meat,45,1.5,0.0,4.5,0.0,0.0,160,10,dinner,0,low,40.6,Pancetta (0.5 oz in sauce)
Carrot (1/4 minced in sauce),vegetable,10,0.2,2.4,0.1,0.7,1.2,17,0,dinner,0,low,44.3,wortel (1/4 minced in sauce)
Celery (1/4 stalk minced),vegetable,2,0.1,0.4,0.0,0.2,0.2,12,0,dinner,0,low,42.9,Celery (1/4 stalk minced)
Onion (1/8 minced in sauce),vegetable,5,0.1,1.2,0.0,0.2,0.6,1,0,dinner,0,low,42.8,Onion (1/8 minced in sauce)
Crushed Tomatoes (1/2 cup sauce),vegetable,20,1.0,4.0,0.0,1.5,3.0,200,0,dinner,0,low,43.4,Crushed Tomatoes (1/2 cangkir sauce)
Parmigiano-Reggiano (1 tbsp),dairy,22,2.0,0.2,1.5,0.0,0.0,95,4,dinner,0,low,43.1,Parmigiano-Reggiano (1 tbsp)
Cannoli (1 medium),dessert,240,5.0,25.0,13.0,1.0,18.0,100,30,snack,0,medium,36.5,Cannoli (1 sedang)
Ricotta (filling 1 oz),dairy,49,3.2,0.8,3.8,0.0,0.1,23,14,snack,0,low,46.0,Ricotta (filling 1 oz)
Pistachio (garnish),nut,10,0.4,0.5,0.8,0.2,0.1,0,0,snack,0,low,43.7,Pistachio (garnish)
Biscotti (1 cookie),dessert,110,2.0,18.0,4.0,1.0,9.0,50,15,snack,0,medium,40.7,Biscotti (1 cookie)
Espresso (for dipping),beverage,2,0.2,0.0,0.0,0.0,0.0,1,0,snack,30,low,42.6,Espresso (for dipping)
Focaccia (1 square),grain,250,8.0,40.0,7.0,2.0,2.0,500,0,lunch,0,medium,50.5,Focaccia (1 square)
Rosemary (1 tsp topping),condiment,1,0.0,0.2,0.0,0.1,0.0,0,0,lunch,0,low,42.8,Rosemary (1 tsp topping)
Olive Oil (1 tbsp drizzle),condiment,120,0.0,0.0,14.0,0.0,0.0,0,0,lunch,0,medium,42.3,Olive Oil (1 tbsp drizzle)
Bruschetta (2 pcs),snack/appetizer,180,4.0,25.0,7.0,3.0,4.0,350,0,snack,0,medium,50.2,Bruschetta (2 pcs)
Balsamic Glaze (1 tsp),condiment,13,0.0,3.0,0.0,0.0,2.7,3,0,snack,0,low,40.2,Balsamic Glaze (1 tsp)
Ribollita (1.5 cups soup),meal/soup,350,15.0,55.0,8.0,14.0,10.0,900,5,dinner,500,high,96.3,Ribollita (1.5 cups sup)
Cannellini Beans (1/2 cup in soup),legume,105,7.0,20.0,0.5,6.0,1.0,230,0,dinner,0,medium,72.5,Cannellini kacang (1/2 cangkir in sup)
Kale (1 cup in soup),vegetable,33,2.9,6.0,0.6,2.0,1.0,29,0,dinner,0,low,53.8,Kale (1 cangkir in sup)
Stale Bread (1/2 cup in soup),grain,80,3.0,15.0,1.0,1.0,1.5,160,0,dinner,0,low,46.5,Stale roti (1/2 cangkir in sup)
Polenta (1 cup creamy),meal/grain,150,3.0,32.0,1.0,3.0,1.0,350,5,dinner,0,medium,50.8,Polenta (1 cangkir creamy)
Gorgonzola Cheese (1 oz),dairy,100,6.0,0.7,8.0,0.0,0.1,325,21,dinner,0,medium,43.3,Gorgonzola keju (1 oz)
Negroni (1 drink),beverage,190,0.0,15.0,0.0,0.0,15.0,5,0,snack,90,medium,30.5,Negroni (1 drink)
Gin (1 oz),beverage,70,0.0,0.0,0.0,0.0,0.0,0,0,snack,0,low,42.3,Gin (1 oz)
Campari (1 oz),beverage,80,0.0,10.0,0.0,0.0,10.0,5,0,snack,0,low,34.4,Campari (1 oz)
Sweet Vermouth (1 oz),beverage,40,0.0,5.0,0.0,0.0,5.0,0,0,snack,0,low,38.4,Sweet Vermouth (1 oz)
Orange Peel (garnish),condiment,1,0.0,0.2,0.0,0.1,0.0,0,0,snack,0,low,42.8,jeruk Peel (garnish)
Osso Buco (1 serving),meal/meat,550,45.0,15.0,30.0,4.0,6.0,900,150,dinner,0,very_high,96.9,Osso Buco (1 porsi)
Gremolata (1 tbsp),condiment,15,0.5,1.0,1.0,0.5,0.5,5,0,dinner,0,low,44.7,Gremolata (1 tbsp)
Risotto alla Milanese (1 cup),meal/rice,350,10.0,50.0,12.0,3.0,3.0,700,30,dinner,0,high,51.0,Risotto alla Milanese (1 cangkir)
Saffron (pinch in risotto),condiment,1,0.0,0.1,0.0,0.0,0.0,0,0,dinner,0,low,42.3,Saffron (pinch in risotto)
Panettone (1 slice),dessert,320,6.0,50.0,12.0,3.0,25.0,200,70,snack,0,high,36.6,Panettone (1 iris)
Candied Fruit (1 tbsp),fruit,30,0.0,8.0,0.0,0.5,8.0,5,0,snack,0,low,38.1,Candied Fruit (1 tbsp)
Amaretti Cookie (2 cookies),dessert,90,2.0,12.0,4.0,1.0,10.0,10,0,snack,0,low,41.6,Amaretti Cookie (2 cookies)
Limoncello (1.5 oz shot),beverage,150,0.0,18.0,0.0,0.0,18.0,0,0,snack,0,medium,28.3,Limoncello (1.5 oz shot)
Panna Cotta (1 serving),dessert,300,4.0,25.0,20.0,0.0,22.0,50,70,snack,0,high,26.6,Panna Cotta (1 porsi)
Berry Coulis (1 tbsp),condiment,20,0.0,5.0,0.0,0.5,4.5,0,0,snack,0,low,40.9,Berry Coulis (1 tbsp)
Saltimbocca (1 serving),meal/meat,380,38.0,5.0,22.0,0.5,1.0,850,120,dinner,0,high,77.9,Saltimbocca (1 porsi)
Prosciutto (1 slice wrapper),protein/meat,35,4.0,0.0,2.5,0.0,0.0,280,10,dinner,0,low,41.8,Prosciutto (1 iris wrapper)
Sage (2 leaves),condiment,1,0.0,0.1,0.0,0.1,0.0,0,0,dinner,0,low,42.8,Sage (2 leaves)
Polenta (grilled 1 slice),meal/grain,120,2.5,25.0,1.0,2.0,0.5,300,0,dinner,0,medium,47.5,Polenta (panggang 1 iris)
Caponata (1/2 cup),meal/vegetable,180,2.0,15.0,14.0,5.0,9.0,400,0,dinner,0,medium,50.4,Caponata (1/2 cangkir)
Eggplant (1/2 cup in caponata),vegetable,40,0.5,6.0,2.0,2.0,3.0,150,0,dinner,0,low,45.8,Eggplant (1/2 cangkir in caponata)
Pine Nuts (1/2 tbsp),nut,48,1.0,1.0,5.0,0.2,0.2,0,0,dinner,0,low,44.6,Pine Nuts (1/2 tbsp)
Raisins (1 tbsp),fruit,27,0.3,7.0,0.0,0.3,6.0,1,0,dinner,0,low,39.4,Raisins (1 tbsp)
Gelato (Pistachio 1/2 cup),dessert,220,5.0,24.0,12.0,2.0,20.0,60,40,snack,0,medium,39.5,Gelato (Pistachio 1/2 cangkir)
Waffle Cone (1 small),grain,70,1.0,13.0,1.5,0.5,7.0,30,5,snack,0,low,39.6,Waffle Cone (1 kecil)
Cacio e Pepe (1.5 cups),meal/pasta,500,18.0,65.0,19.0,4.0,3.0,700,50,dinner,0,very_high,66.7,Cacio e Pepe (1.5 cups)
Pecorino Romano (1/4 cup),dairy,110,7.5,1.0,8.5,0.0,0.0,450,25,dinner,0,medium,42.7,Pecorino Romano (1/4 cangkir)
Black Pepper (1/2 tsp),condiment,3,0.1,0.7,0.0,0.3,0.0,0,0,dinner,0,low,43.7,hitam Pepper (1/2 tsp)
Fiorentina Steak (3oz portion),protein/meat,230,24.0,0.0,15.0,0.0,0.0,60,75,dinner,0,medium,74.6,Fiorentina Steak (3oz portion)
Rosemary (garnish),condiment,1,0.0,0.2,0.0,0.1,0.0,0,0,dinner,0,low,42.8,Rosemary (garnish)
White Beans (Tuscan style 1/2 cup),legume,150,8.0,20.0,4.0,7.0,2.0,350,0,dinner,0,medium,74.8,White kacang (Tuscan style 1/2 cangkir)
Garlic (1 clove in beans),vegetable,4,0.2,0.9,0.0,0.1,0.0,1,0,dinner,0,low,43.0,Garlic (1 clove in kacang)
Sage (in beans),condiment,1,0.0,0.1,0.0,0.1,0.0,0,0,dinner,0,low,42.8,Sage (in kacang)
Arancini (1 large ball),snack/processed,250,9.0,30.0,10.0,3.0,3.0,500,30,snack,0,medium,53.9,Arancini (1 besar ball)
Ragù (filling 1 tbsp),condiment,25,1.5,1.0,1.5,0.5,0.5,60,5,snack,0,low,44.8,Ragù (filling 1 tbsp)
Mozzarella (filling 0.5 oz),dairy,40,3.0,0.5,3.0,0.0,0.2,75,10,snack,0,low,44.7,Mozzarella (filling 0.5 oz)
Breadcrumbs (coating),grain,25,0.5,4.0,0.5,0.5,0.5,50,0,snack,0,low,43.7,Breadcrumbs (coating)
Campari & Soda (1 drink),beverage,85,0.0,10.0,0.0,0.0,10.0,25,0,snack,150,low,34.0,Campari & Soda (1 drink)
Olive (garnish),fruit,5,0.0,0.1,0.5,0.1,0.0,30,0,snack,0,low,42.1,Olive (garnish)
Vitello Tonnato (1 serving),meal/meat,380,35.0,3.0,25.0,0.5,1.0,600,110,lunch,0,high,79.3,Vitello Tonnato (1 porsi)
Tuna Sauce (2 tbsp),condiment,100,4.0,1.0,9.0,0.0,0.5,200,15,lunch,0,medium,43.0,tuna Sauce (2 tbsp)
Capers (garnish),condiment,2,0.2,0.4,0.1,0.3,0.1,200,0,lunch,0,low,39.4,Capers (garnish)
Lemon Slice (garnish),condiment,1,0.0,0.3,0.0,0.1,0.1,0,0,lunch,0,low,42.7,Lemon iris (garnish)
Gnocchi alla Sorrentina (1.5 cups),meal/pasta,450,15.0,60.0,18.0,6.0,9.0,800,40,dinner,0,high,64.0,Gnocchi alla Sorrentina (1.5 cups)
Tomato Sauce (1/2 cup),condiment,40,1.5,7.0,1.0,2.0,4.0,350,0,dinner,0,low,42.1,tomat Sauce (1/2 cangkir)
Mozzarella (1 oz melted),dairy,80,6.0,1.0,6.0,0.0,0.5,150,20,dinner,0,low,46.9,Mozzarella (1 oz melted)
Basil (fresh garnish),condiment,1,0.1,0.0,0.0,0.1,0.0,0,0,dinner,0,low,42.9,Basil (segar garnish)
Pesto (1/4 cup),condiment,290,5.0,4.0,29.0,2.0,1.0,600,5,dinner,0,medium,44.1,Pesto (1/4 cangkir)
Pine Nuts (1 tbsp in pesto),nut,95,2.0,2.0,10.0,0.5,0.5,0,0,dinner,0,low,47.2,Pine Nuts (1 tbsp in pesto)
Garlic (1/2 clove in pesto),vegetable,2,0.1,0.5,0.0,0.0,0.0,0,0,dinner,0,low,42.5,Garlic (1/2 clove in pesto)
Trofie Pasta (1 cup cooked),grain,210,7.0,43.0,1.0,2.0,1.0,5,0,dinner,0,medium,60.8,Trofie pasta (1 cangkir matang)
Green Beans (1/2 cup w/ pasta),vegetable,15,0.9,3.5,0.1,1.3,1.6,3,0,dinner,0,low,47.9,Green kacang (1/2 cangkir w/ pasta)
Potato (1/2 w/ pasta),vegetable,65,1.0,15.0,0.1,1.0,0.5,3,0,dinner,0,low,47.6,kentang (1/2 w/ pasta)
Espresso Martini (1 drink),beverage,280,0.5,25.0,0.0,0.0,25.0,5,0,snack,120,medium,23.5,Espresso Martini (1 drink)
Vodka (1.5 oz),beverage,97,0.0,0.0,0.0,0.0,0.0,0,0,snack,0,low,42.3,Vodka (1.5 oz)
Coffee Liqueur (1 oz),beverage,100,0.0,15.0,0.0,0.0,15.0,2,0,snack,0,medium,30.6,kopi Liqueur (1 oz)
Espresso (1 oz in drink),beverage,3,0.3,0.0,0.1,0.0,0.0,1,0,snack,0,low,42.8,Espresso (1 oz in drink)
Simple Syrup (1/2 oz),condiment,30,0.0,8.0,0.0,0.0,8.0,0,0,snack,0,low,36.1,Simple Syrup (1/2 oz)
Coffee Beans (3 garnish),snack,2,0.1,0.3,0.0,0.1,0.0,0,0,snack,0,low,42.9,kopi kacang (3 garnish)
Baba Ganoush (1/4 cup),meal/vegetable,100,2.0,8.0,7.0,4.0,2.0,300,0,snack,0,medium,54.0,Baba Ganoush (1/4 cangkir)
Pita Bread (1 white),grain,165,5.5,33.0,1.2,1.5,1.5,310,0,snack,0,medium,49.1,Pita roti (1 white)
Falafel (3 pieces),meal/vegetarian,180,6.0,18.0,9.0,4.0,1.0,320,0,lunch,0,medium,60.6,Falafel (3 pieces)
Tahini Sauce (1 tbsp),condiment,30,1.0,1.5,2.5,0.5,0.0,45,0,lunch,0,low,45.0,Tahini Sauce (1 tbsp)
Pickled Turnips (2 tbsp),vegetable,10,0.2,2.0,0.0,0.5,1.0,200,0,lunch,0,low,39.5,Pickled Turnips (2 tbsp)
Shawarma (Chicken 1 wrap),meal/processed,550,30.0,50.0,25.0,6.0,5.0,1100,80,lunch,250,very_high,81.8,Shawarma (ayam 1 wrap)
Garlic Sauce (1 tbsp),condiment,90,0.1,1.0,10.0,0.0,0.5,80,5,lunch,0,low,40.1,Garlic Sauce (1 tbsp)
Hummus (1/4 cup),legume,130,5.0,10.0,8.0,4.0,1.0,250,0,lunch,0,medium,60.6,Hummus (1/4 cangkir)
Tabouli (1/2 cup),meal/vegetarian,120,3.0,15.0,6.0,4.0,2.0,300,0,lunch,0,medium,55.5,Tabouli (1/2 cangkir)
Bulgur (1/4 cup in tabouli),grain,76,2.7,16.8,0.2,4.1,0.1,4,0,lunch,0,low,63.6,Bulgur (1/4 cangkir in tabouli)
Parsley (1/4 cup in tabouli),vegetable,5,0.3,1.0,0.1,0.5,0.1,5,0,lunch,0,low,44.7,Parsley (1/4 cangkir in tabouli)
Mint (1 tbsp in tabouli),condiment,1,0.1,0.1,0.0,0.1,0.0,0,0,lunch,0,low,42.9,Mint (1 tbsp in tabouli)
Lemon Juice (1 tbsp dressing),condiment,4,0.1,1.3,0.0,0.1,0.2,0,0,lunch,0,low,42.8,Lemon Juice (1 tbsp dressing)
Olive Oil (1 tbsp dressing),condiment,120,0.0,0.0,14.0,0.0,0.0,0,0,lunch,0,medium,42.3,Olive Oil (1 tbsp dressing)
Kibbeh (1 piece fried),meal/meat,230,9.0,20.0,13.0,3.0,1.0,450,30,snack,0,medium,56.6,Kibbeh (1 piece goreng)
Pine Nuts (1/2 tbsp filling),nut,48,1.0,1.0,5.0,0.2,0.2,0,0,snack,0,low,44.6,Pine Nuts (1/2 tbsp filling)
Ground Lamb (1 oz filling),protein/meat,80,5.5,0.0,6.0,0.0,0.0,20,20,snack,0,low,49.4,Ground Lamb (1 oz filling)
Bulgur (1 tbsp shell),grain,15,0.5,3.4,0.0,0.8,0.0,1,0,snack,0,low,46.4,Bulgur (1 tbsp shell)
Lentil Soup (1 cup Middle Eastern),meal/legume,200,10.0,30.0,5.0,10.0,4.0,700,0,lunch,250,medium,81.1,Lentil sup (1 cangkir Middle Eastern)
Cumin (1 tsp),condiment,8,0.3,1.5,0.5,0.4,0.1,3,0,lunch,0,low,44.3,Cumin (1 tsp)
Coriander (1 tsp),condiment,5,0.1,1.0,0.2,0.5,0.0,1,0,lunch,0,low,44.6,Coriander (1 tsp)
Lemon Juice (1 tsp in soup),condiment,1,0.0,0.4,0.0,0.0,0.1,0,0,lunch,0,low,42.3,Lemon Juice (1 tsp in sup)
Pita Crisps (1 oz),snack/processed,130,3.0,18.0,5.0,2.0,1.0,240,0,lunch,0,medium,49.3,Pita Crisps (1 oz)
Manakeesh (Za'atar 1 small),meal/vegetarian,300,7.0,45.0,10.0,4.0,2.0,500,0,breakfast,0,high,57.3,Manakeesh (Za'atar 1 kecil)
Za'atar (1 tbsp),condiment,40,1.0,3.0,3.0,1.5,0.0,150,0,breakfast,0,low,46.8,Za'atar (1 tbsp)
Olive Oil (1 tbsp on bread),condiment,120,0.0,0.0,14.0,0.0,0.0,0,0,breakfast,0,medium,42.3,Olive Oil (1 tbsp on roti)
Labneh (2 tbsp),dairy,60,4.0,2.0,4.0,0.0,2.0,80,15,breakfast,0,low,44.5,Labneh (2 tbsp)
Cucumber (1/4 cup side),vegetable,8,0.3,1.8,0.0,0.2,0.8,1,0,breakfast,0,low,43.0,mentimun (1/4 cangkir side)
Tomato (1/4 cup side),vegetable,8,0.3,1.8,0.1,0.5,1.2,2,0,breakfast,0,low,43.9,tomat (1/4 cangkir side)
Olives (5 side),fruit,35,0.2,1.0,3.5,0.5,0.0,210,0,breakfast,0,low,40.1,Olives (5 side)
Mint Tea (1 cup),beverage,2,0.1,0.5,0.0,0.0,0.0,5,0,breakfast,240,low,42.4,Mint teh (1 cangkir)
Stuffed Grape Leaves (3 pcs),meal/vegetarian,150,3.0,20.0,7.0,3.0,3.0,400,0,snack,0,medium,48.3,Stuffed Grape Leaves (3 pcs)
Rice (1/4 cup filling),grain,51,1.1,11.1,0.1,0.1,0.0,0,0,snack,0,low,44.5,nasi (1/4 cangkir filling)
Turkish Coffee (1 small cup),beverage,5,0.2,0.5,0.0,0.0,0.0,1,0,snack,60,low,42.6,Turkish kopi (1 kecil cangkir)
Cardamom (in coffee),condiment,1,0.0,0.2,0.0,0.1,0.0,0,0,snack,0,low,42.8,Cardamom (in kopi)
Shish Tawook (2 skewers),meal/meat,300,35.0,5.0,16.0,1.0,2.0,600,100,dinner,0,high,81.1,Shish Tawook (2 skewers)
Garlic Sauce (Toum 1 tbsp),condiment,90,0.1,1.0,10.0,0.0,0.5,80,5,dinner,0,low,40.1,Garlic Sauce (Toum 1 tbsp)
French Fries (side),vegetable/processed,340,4.0,44.0,17.0,4.0,0.3,230,0,dinner,0,high,60.0,French Fries (side)
Pickled Cucumber (1/4 cup),vegetable,10,0.5,2.0,0.0,1.0,1.0,300,0,dinner,0,low,39.8,Pickled mentimun (1/4 cangkir)
Fattoush Salad (1.5 cups),meal/vegetarian,250,5.0,25.0,15.0,6.0,5.0,500,0,lunch,0,medium,60.2,Fattoush salad (1.5 cups)
Fried Pita (1/2 pita in salad),grain,80,2.0,12.0,3.0,1.0,0.5,150,0,lunch,0,low,45.9,goreng Pita (1/2 pita in salad)
Sumac (1/2 tsp dressing),condiment,5,0.1,1.0,0.2,0.5,0.0,1,0,lunch,0,low,44.6,Sumac (1/2 tsp dressing)
Pomegranate Molasses (1 tsp),condiment,15,0.0,4.0,0.0,0.0,4.0,0,0,lunch,0,low,39.2,Pomegranate Molasses (1 tsp)
